{"baseline": 64.0, "left_uv_to_rect_x": [-0.9625139494698222, 1.4282122459927677, -0.6382153139303806, 0.23665170203819624, -0.14556333817973255, 0.7902494464774534, -0.7373266956072952, 0.3360814511953643, -0.03606862619445805, -0.2319963746608118, 0.5362465690889993, -0.38287444894306083, -0.010627674618591931, 0.37092520105835636, -0.6193139745732389, 0.4148851734200628], "left_uv_to_rect_y": [-0.6354358739415256, 1.0170487706554987, -1.57136891991334, 0.6556486875441636, 2.0183290983375217, -5.050529523784249, 7.966926527634396, -4.166676153375922, -1.9787148326470938, 8.680211769201991, -14.611606358844458, 7.861143057363501, 1.269456282007713, -5.127165205661901, 8.465752351480962, -4.566308079812358], "right_uv_to_rect_x": [-0.9947158968266128, 2.0904877515789195, -1.2936214501965948, 0.5908216988952976, -0.005688075922818503, -0.8417474426920681, 1.0882929739366325, -0.7073472272331359, 0.1945732959275774, 0.22410699162364373, -0.8901973686723174, 0.7833858747288013, -0.1476225231708238, -0.01988707013457275, 0.48972189465943905, -0.4529383848471409], "right_uv_to_rect_y": [-0.41423147166219143, 0.16446481156313397, 0.010574468082428401, 0.1570094950046338, 1.3813372415692928, -1.5156206465200868, 2.07954626834744, -1.1812814770011248, -0.8953529726384064, 2.900892265133087, -4.906938627914866, 2.857992698503559, 0.6736881751165839, -2.272590365151853, 3.7873344076674793, -2.1148645569930764]}